,,


As of:,"Feb 16, 2018"

,,
Effective date ,S&P 500 VIX Short-Term Index MCAP
1/31/2008,73473.46
2/1/2008,71545.87
2/4/2008,74104.64
2/5/2008,78296.39
2/6/2008,80392.66
2/7/2008,79182.55
2/8/2008,80595.53
2/11/2008,78796.14
2/12/2008,77774.19
2/13/2008,75075.47
2/14/2008,76131.92
2/15/2008,75415.1
2/19/2008,74503.32
2/20/2008,74024.49
2/21/2008,73961.15
2/22/2008,72336.6
2/25/2008,70429.64
2/26/2008,69303.5
2/27/2008,69884.82
2/28/2008,71873.02
2/29/2008,75999.05
3/3/2008,75975.49
3/4/2008,74675.88
3/5/2008,72828.2
3/6/2008,77892.27
3/7/2008,77846.52
3/10/2008,80078.21
3/11/2008,75599.48
3/12/2008,77827.72
3/13/2008,78103.85
3/14/2008,82771.58
3/17/2008,83258.76
3/18/2008,76142.28
3/19/2008,79661.11
3/20/2008,78463.83
3/24/2008,76663.65
3/25/2008,76666.21
3/26/2008,78399.71
3/27/2008,77841.56
3/28/2008,77884.23
3/31/2008,76487.95
4/1/2008,71297.95
4/2/2008,72534.08
4/3/2008,71887.03
4/4/2008,71526.26
4/7/2008,69248.75
4/8/2008,68883.49
4/9/2008,70609.58
4/10/2008,69385.48
4/11/2008,71446.37
4/14/2008,71176.78
4/15/2008,69755.89
4/16/2008,65614.31
4/17/2008,65844.76
4/18/2008,63505.34
4/21/2008,62668.27
4/22/2008,63187.84
4/23/2008,62524.24
4/24/2008,60919.65
4/25/2008,59396.88
4/28/2008,58941.98
4/29/2008,59698.34
4/30/2008,61051.7
5/1/2008,57395.97
5/2/2008,56672.88
5/5/2008,57246.2
5/6/2008,55029.35
5/7/2008,57609.4
5/8/2008,57653.23
5/9/2008,58184.98
5/12/2008,56237.71
5/13/2008,55997.57
5/14/2008,54768.45
5/15/2008,53377.66
5/16/2008,53912.31
5/19/2008,52862.81
5/20/2008,55683.78
5/21/2008,59217.04
5/22/2008,58156.69
5/23/2008,59504.8
5/27/2008,57728.33
5/28/2008,57150.11
5/29/2008,53717.5
5/30/2008,52422.68
6/2/2008,55471.78
6/3/2008,56527.28
6/4/2008,56731.01
6/5/2008,53765.78
6/6/2008,59705.69
6/9/2008,58638.27
6/10/2008,58726.43
6/11/2008,60491.85
6/12/2008,59678.68
6/13/2008,57328.4
6/16/2008,56553.06
6/17/2008,56439.29
6/18/2008,58109.81
6/19/2008,57096.76
6/20/2008,58458.87
6/23/2008,58492.46
6/24/2008,58841.24
6/25/2008,56352.18
6/26/2008,61124.53
6/27/2008,60796.11
6/30/2008,60023.76
7/1/2008,59873.35
7/2/2008,62971.94
7/3/2008,62451.7
7/7/2008,63031.45
7/8/2008,59407.95
7/9/2008,62537.7
7/10/2008,62952.8
7/11/2008,64396.62
7/14/2008,66089.98
7/15/2008,66700.26
7/16/2008,63128.2
7/17/2008,61928.27
7/18/2008,61421.9
7/21/2008,59857.02
7/22/2008,57575.38
7/23/2008,57516.47
7/24/2008,60269.8
7/25/2008,60024.09
7/28/2008,61919.18
7/29/2008,58206.91
7/30/2008,55601.01
7/31/2008,58259.85
8/1/2008,58623.61
8/4/2008,58384.12
8/5/2008,55614.09
8/6/2008,54038.52
8/7/2008,56311.08
8/8/2008,54705.37
8/11/2008,53927.09
8/12/2008,56027.72
8/13/2008,57089.48
8/14/2008,55163.08
8/15/2008,54471.52
8/18/2008,55243.31
8/19/2008,57004.12
8/20/2008,55813.77
8/21/2008,55217.05
8/22/2008,53804.71
8/25/2008,56201.89
8/26/2008,55628.8
8/27/2008,54350.09
8/28/2008,53010.19
8/29/2008,54186.86
9/2/2008,54938.27
9/3/2008,54274.44
9/4/2008,58274.66
9/5/2008,57102.09
9/8/2008,55240.7
9/9/2008,59112.59
9/10/2008,58007.9
9/11/2008,58473.16
9/12/2008,58959.27
9/15/2008,62507.29
9/16/2008,61335.15
9/17/2008,64845.99
9/18/2008,61713.75
9/19/2008,60312.67
9/22/2008,64531.11
9/23/2008,70152.98
9/24/2008,69345.9
9/25/2008,67239.01
9/26/2008,69020.23
9/29/2008,78691.92
9/30/2008,74016.16
10/1/2008,76457.04
10/2/2008,81557.31
10/3/2008,84288.17
10/6/2008,87331.19
10/7/2008,95715.08
10/8/2008,101188.81
10/9/2008,111274.99
10/10/2008,116109.02
10/13/2008,107264.37
10/14/2008,110084.07
10/15/2008,125528.39
10/16/2008,128250.95
10/17/2008,138649.34
10/20/2008,130893.23
10/21/2008,127490.09
10/22/2008,140680.14
10/23/2008,145463.56
10/24/2008,161969.44
10/27/2008,171430.38
10/28/2008,156561.24
10/29/2008,163876.01
10/30/2008,161655.11
10/31/2008,160828.27
11/3/2008,155595.05
11/4/2008,141781.59
11/5/2008,151033.44
11/6/2008,168799.46
11/7/2008,164349.54
11/10/2008,167667.5
11/11/2008,172583.5
11/12/2008,185914.21
11/13/2008,173494.31
11/14/2008,186621.25
11/17/2008,196809.73
11/18/2008,200074.26
11/19/2008,219666.94
11/20/2008,231276.82
11/21/2008,219320.73
11/24/2008,205421.6
11/25/2008,200164.17
11/26/2008,187969.63
11/28/2008,187761.8
12/1/2008,211729.92
12/2/2008,204964.09
12/3/2008,204429.6
12/4/2008,213765.58
12/5/2008,208615.57
12/8/2008,199733.56
12/9/2008,202813.13
12/10/2008,199195.47
12/11/2008,201575.92
12/12/2008,198658.73
12/15/2008,200328.73
12/16/2008,190746.92
12/17/2008,190090.06
12/18/2008,183777.88
12/19/2008,173124.92
12/22/2008,166851.94
12/23/2008,169377.31
12/24/2008,167705.78
12/26/2008,165851.71
12/29/2008,170115.02
12/30/2008,162850.56
12/31/2008,154796.83
1/2/2009,143330.82
1/5/2009,146084.63
1/6/2009,144159.58
1/7/2009,156466.25
1/8/2009,156247.92
1/9/2009,161643.29
1/12/2009,174657.12
1/13/2009,170894.82
1/14/2009,185503.29
1/15/2009,184247.28
1/16/2009,178375.96
1/20/2009,201239.87
1/21/2009,188244.37
1/22/2009,186181.16
1/23/2009,184854.7
1/26/2009,175758.61
1/27/2009,167061.38
1/28/2009,156505.12
1/29/2009,159399.38
1/30/2009,165015.54
2/2/2009,165993.02
2/3/2009,159198.94
2/4/2009,160576.93
2/5/2009,158456.06
2/6/2009,156578.88
2/9/2009,157509.5
2/10/2009,167432.37
2/11/2009,164494.41
2/12/2009,161293.51
2/13/2009,164318.14
2/17/2009,171460.64
2/18/2009,174576.11
2/19/2009,173572.92
2/20/2009,181742.17
2/23/2009,190832.73
2/24/2009,174192.39
2/25/2009,170462.55
2/26/2009,172565.78
2/27/2009,173922.99
3/2/2009,185330.83
3/3/2009,187164.31
3/4/2009,173049.47
3/5/2009,181053.85
3/6/2009,179229.23
3/9/2009,181731.28
3/10/2009,167846.78
3/11/2009,167348.21
3/12/2009,164507.49
3/13/2009,166810.09
3/16/2009,172580.69
3/17/2009,165143.24
3/18/2009,163744.86
3/19/2009,174693.97
3/20/2009,187966.42
3/23/2009,173694.95
3/24/2009,176193.33
3/25/2009,171615.21
3/26/2009,166730.98
3/27/2009,172296.48
3/30/2009,184495.8
3/31/2009,181514.66
4/1/2009,177305.11
4/2/2009,174329.32
4/3/2009,170642.17
4/6/2009,171945.84
4/7/2009,172527.22
4/8/2009,168726.93
4/9/2009,161584.97
4/13/2009,160325.67
4/14/2009,160113.18
4/15/2009,156879.37
4/16/2009,151041.65
4/17/2009,147978.08
4/20/2009,159412.36
4/21/2009,153135.48
4/22/2009,155239.89
4/23/2009,152609.56
4/24/2009,152893.59
4/27/2009,156548.36
4/28/2009,154685.37
4/29/2009,148082.05
4/30/2009,149751.36
5/1/2009,147613.43
5/4/2009,140812.25
5/5/2009,140570.04
5/6/2009,135631.42
5/7/2009,137484.8
5/8/2009,131833.49
5/11/2009,132700.19
5/12/2009,131756.15
5/13/2009,136152.75
5/14/2009,130421.65
5/15/2009,133651.48
5/18/2009,123886.2
5/19/2009,121932.64
5/20/2009,122334.36
5/21/2009,129090.36
5/22/2009,131143.92
5/26/2009,125096.09
5/27/2009,128848
5/28/2009,126707.81
5/29/2009,122307.03
6/1/2009,119328.01
6/2/2009,119746.03
6/3/2009,126067.04
6/4/2009,124582.22
6/5/2009,124054.28
6/8/2009,123125.81
6/9/2009,118891.76
6/10/2009,119611.32
6/11/2009,116951.19
6/12/2009,114985.3
6/15/2009,120575.35
6/16/2009,124743.8
6/17/2009,125706.88
6/18/2009,124744.23
6/19/2009,120937.39
6/22/2009,126142.69
6/23/2009,123637.22
6/24/2009,118570
6/25/2009,113178.91
6/26/2009,111233
6/29/2009,107269.05
6/30/2009,109136.43
7/1/2009,108165.44
7/2/2009,114109.44
7/6/2009,113065.04
7/7/2009,117403.33
7/8/2009,119047.72
7/9/2009,117438.32
7/10/2009,118005.66
7/13/2009,112466.33
7/14/2009,110404.15
7/15/2009,107021.41
7/16/2009,105751.57
7/17/2009,105775.23
7/20/2009,103428.65
7/21/2009,101422.43
7/22/2009,99055.83
7/23/2009,95645.64
7/24/2009,94869.27
7/27/2009,96156.32
7/28/2009,99520.68
7/29/2009,100634.42
7/30/2009,98347
7/31/2009,99301.4
8/3/2009,96770.31
8/4/2009,96088.14
8/5/2009,95653.05
8/6/2009,96702.27
8/7/2009,93526.53
8/10/2009,93579.49
8/11/2009,95393.4
8/12/2009,94201.47
8/13/2009,92371.48
8/14/2009,93881.27
8/17/2009,99517.61
8/18/2009,97246.09
8/19/2009,94254.39
8/20/2009,92451.16
8/21/2009,91089.49
8/24/2009,91177.18
8/25/2009,92182.84
8/26/2009,93800.19
8/27/2009,92539.26
8/28/2009,93447.5
8/31/2009,94800.36
9/1/2009,99376.34
9/2/2009,100725.91
9/3/2009,96083.73
9/4/2009,92915.44
9/8/2009,89871.94
9/9/2009,87295.34
9/10/2009,83240.58
9/11/2009,84299.84
9/14/2009,82219.25
9/15/2009,82452.97
9/16/2009,78808.95
9/17/2009,79257.54
9/18/2009,81209.67
9/21/2009,81096.04
9/22/2009,79412.53
9/23/2009,80072.27
9/24/2009,81573.36
9/25/2009,81830.11
9/28/2009,78932.09
9/29/2009,78920.48
9/30/2009,79748.98
10/1/2009,83266.62
10/2/2009,83414.23
10/5/2009,80631.02
10/6/2009,78774.36
10/7/2009,77895.02
10/8/2009,76965.64
10/9/2009,75409.58
10/12/2009,73434.31
10/13/2009,72756.39
10/14/2009,72121.1
10/15/2009,70497.83
10/16/2009,71506.96
10/19/2009,69584.47
10/20/2009,69278.14
10/21/2009,69278.29
10/22/2009,66793.66
10/23/2009,67902.59
10/26/2009,69302.52
10/27/2009,69470.13
10/28/2009,74377.74
10/29/2009,70342.43
10/30/2009,77248.29
11/2/2009,77943.7
11/3/2009,78346.82
11/4/2009,77305.11
11/5/2009,73960.14
11/6/2009,71661.99
11/9/2009,67422.56
11/10/2009,67808.27
11/11/2009,68014.29
11/12/2009,71052.47
11/13/2009,69899.44
11/16/2009,68689.03
11/17/2009,68316.54
11/18/2009,65756.48
11/19/2009,66574.94
11/20/2009,65312.04
11/23/2009,62048.19
11/24/2009,61543.13
11/25/2009,60698.45
11/27/2009,64814.65
11/30/2009,64896.12
12/1/2009,62427.13
12/2/2009,61772.5
12/3/2009,63085.36
12/4/2009,61676.69
12/7/2009,61428.72
12/8/2009,63049.96
12/9/2009,62579.62
12/10/2009,61626.2
12/11/2009,61270.58
12/14/2009,60054.75
12/15/2009,59411.82
12/16/2009,56706
12/17/2009,57515.24
12/18/2009,56698.95
12/21/2009,54756.75
12/22/2009,53390.83
12/23/2009,52930.8
12/24/2009,52254.44
12/28/2009,51794.15
12/29/2009,52092.87
12/30/2009,52901.94
12/31/2009,54338.49
1/4/2010,52332.81
1/5/2010,51294.74
1/6/2010,49445.72
1/7/2010,48608.61
1/8/2010,47335.02
1/11/2010,46625.6
1/12/2010,47909.51
1/13/2010,47051.6
1/14/2010,46000.57
1/15/2010,47194.2
1/19/2010,45012.68
1/20/2010,44699.44
1/21/2010,47301.19
1/22/2010,51428.18
1/25/2010,50664.84
1/26/2010,51144.27
1/27/2010,49599.8
1/28/2010,50082.9
1/29/2010,51269.24
2/1/2010,48413.67
2/2/2010,46612.11
2/3/2010,46768.18
2/4/2010,52203.59
2/5/2010,52836.18
2/8/2010,53517.63
2/9/2010,52235.64
2/10/2010,52053.44
2/11/2010,50686.03
2/12/2010,50595.11
2/16/2010,47892.83
2/17/2010,46168.01
2/18/2010,44283.83
2/19/2010,43389.43
2/22/2010,42575.09
2/23/2010,43947.31
2/24/2010,43007.65
2/25/2010,42860.24
2/26/2010,41990.65
3/1/2010,41176.03
3/2/2010,40747.5
3/3/2010,40365.04
3/4/2010,40260.7
3/5/2010,38449.68
3/8/2010,37892.97
3/9/2010,37976.64
3/10/2010,38230.91
3/11/2010,38524.59
3/12/2010,38224.2
3/15/2010,38260.84
3/16/2010,37180.28
3/17/2010,35757.28
3/18/2010,35225.57
3/19/2010,35910.37
3/22/2010,35437.49
3/23/2010,34691.74
3/24/2010,35423.89
3/25/2010,35815.95
3/26/2010,35443.74
3/29/2010,34723.79
3/30/2010,34131.74
3/31/2010,33981.74
4/1/2010,33882.22
4/5/2010,32607.4
4/6/2010,31722.84
4/7/2010,32283.97
4/8/2010,31739.78
4/9/2010,31378.94
4/12/2010,31331.06
4/13/2010,31475.39
4/14/2010,30738.14
4/15/2010,30738.27
4/16/2010,31963.48
4/19/2010,31190.53
4/20/2010,29711.13
4/21/2010,29870.99
4/22/2010,29795.65
4/23/2010,29582.49
4/26/2010,29963.67
4/27/2010,33289.62
4/28/2010,32920.09
4/29/2010,31415.4
4/30/2010,34101.66
5/3/2010,32886.37
5/4/2010,36225.32
5/5/2010,37866.88
5/6/2010,44385.06
5/7/2010,48360.73
5/10/2010,41546.58
5/11/2010,41386.2
5/12/2010,39168.92
5/13/2010,40146.4
5/14/2010,44166.17
5/17/2010,44541.36
5/18/2010,47564.36
5/19/2010,48640.34
5/20/2010,55191.95
5/21/2010,54917.27
5/24/2010,53931.41
5/25/2010,51970.59
5/26/2010,50572.55
5/27/2010,46126.89
5/28/2010,47049.72
6/1/2010,49822.24
6/2/2010,46455.93
6/3/2010,46034.65
6/4/2010,50417.96
6/7/2010,52737.16
6/8/2010,50570.79
6/9/2010,51001.41
6/10/2010,47944
6/11/2010,46783.24
6/14/2010,45846.32
6/15/2010,43114.55
6/16/2010,41982.02
6/17/2010,41237.75
6/18/2010,40541.96
6/21/2010,40898.88
6/22/2010,42735.9
6/23/2010,43322.83
6/24/2010,45923.08
6/25/2010,44773.05
6/28/2010,45520.94
6/29/2010,49991.12
6/30/2010,50775.27
7/1/2010,50330.78
7/2/2010,48802.44
7/6/2010,46058.46
7/7/2010,43095.74
7/8/2010,42282.29
7/9/2010,41594.56
7/12/2010,40567.05
7/13/2010,40329.45
7/14/2010,41541.6
7/15/2010,41905.11
7/16/2010,43841.32
7/19/2010,43288.89
7/20/2010,40669.13
7/21/2010,41168.75
7/22/2010,38988.32
7/23/2010,38013.43
7/26/2010,36580.51
7/27/2010,36385.12
7/28/2010,36819.25
7/29/2010,36798.69
7/30/2010,36459.01
8/2/2010,34357.37
8/3/2010,34757.58
8/4/2010,34420.93
8/5/2010,34671.91
8/6/2010,34698.62
8/9/2010,34122.57
8/10/2010,34318.74
8/11/2010,37105.86
8/12/2010,37685.4
8/13/2010,38507.3
8/16/2010,38012.23
8/17/2010,36829.73
8/18/2010,36267.13
8/19/2010,37398.38
8/20/2010,37078.5
8/23/2010,36435.38
8/24/2010,37392.32
8/25/2010,36630.43
8/26/2010,37039.9
8/27/2010,34800.23
8/30/2010,35856.86
8/31/2010,35228.21
9/1/2010,33109.41
9/2/2010,32302.98
9/3/2010,30739.67
9/7/2010,31646.51
9/8/2010,30829.21
9/9/2010,30534.94
9/10/2010,29885.06
9/13/2010,28418.06
9/14/2010,28418.17
9/15/2010,27865.4
9/16/2010,27766.34
9/17/2010,27733.53
9/20/2010,27001.72
9/21/2010,27101.89
9/22/2010,27589.06
9/23/2010,28440.63
9/24/2010,26888.04
9/27/2010,27014.51
9/28/2010,26980.58
9/29/2010,27404.25
9/30/2010,28102.18
10/1/2010,27543.83
10/4/2010,27934.95
10/5/2010,26578.76
10/6/2010,26258.13
10/7/2010,26081.27
10/8/2010,25058.57
10/11/2010,24434.66
10/12/2010,23624.57
10/13/2010,23062.4
10/14/2010,23751.78
10/15/2010,23548.97
10/18/2010,22779.49
10/19/2010,23342.13
10/20/2010,22118.83
10/21/2010,21544.59
10/22/2010,20693.15
10/25/2010,20534.77
10/26/2010,20916.89
10/27/2010,21308.71
10/28/2010,21271
10/29/2010,21254.64
11/1/2010,21124.07
11/2/2010,20655.08
11/3/2010,19455.08
11/4/2010,18237.05
11/5/2010,18228
11/8/2010,18334.69
11/9/2010,18420.37
11/10/2010,18229.95
11/11/2010,18390.48
11/12/2010,19481.46
11/15/2010,19190.24
11/16/2010,20009.68
11/17/2010,19570.94
11/18/2010,18231.26
11/19/2010,18011.07
11/22/2010,17414.13
11/23/2010,18211.9
11/24/2010,17431.84
11/26/2010,18549.13
11/29/2010,18729.25
11/30/2010,20063.17
12/1/2010,19062.19
12/2/2010,17472.9
12/3/2010,16797.73
12/6/2010,16390.27
12/7/2010,16324.49
12/8/2010,15837.81
12/9/2010,15527.32
12/10/2010,15460.92
12/13/2010,15659.66
12/14/2010,15827.79
12/15/2010,16103.66
12/16/2010,15822.35
12/17/2010,15573.2
12/20/2010,15090.67
12/21/2010,14794.51
12/22/2010,14794.56
12/23/2010,15238.18
12/27/2010,15660.86
12/28/2010,15743.03
12/29/2010,15558.54
12/30/2010,15445.84
12/31/2010,15221.34
1/3/2011,14967.12
1/4/2011,14868.45
1/5/2011,14592.49
1/6/2011,14555.98
1/7/2011,14614.59
1/10/2011,14602.74
1/11/2011,14152.25
1/12/2011,13475.19
1/13/2011,13380.89
1/14/2011,12764.03
1/18/2011,12387.97
1/19/2011,13012.63
1/20/2011,12945.41
1/21/2011,13079.24
1/24/2011,12772.42
1/25/2011,12636.82
1/26/2011,12206.93
1/27/2011,11995.83
1/28/2011,13218.62
1/31/2011,13046.08
2/1/2011,12374.22
2/2/2011,12390.75
2/3/2011,12215.2
2/4/2011,11901.54
2/7/2011,11664.17
2/8/2011,11531.38
2/9/2011,11555.64
2/10/2011,11587.84
2/11/2011,11422.94
2/14/2011,11298.68
2/15/2011,11427.4
2/16/2011,11585.72
2/17/2011,11685.42
2/18/2011,11779.82
2/22/2011,13304.44
2/23/2011,13973.57
2/24/2011,13756.23
2/25/2011,12792.37
2/28/2011,12223.17
3/1/2011,13309.43
3/2/2011,13247.4
3/3/2011,12542.49
3/4/2011,12794.82
3/7/2011,13275.41
3/8/2011,12990.31
3/9/2011,13268.35
3/10/2011,13858.89
3/11/2011,13431.83
3/14/2011,13594.45
3/15/2011,14352.76
3/16/2011,15240.28
3/17/2011,14781.46
3/18/2011,14294.69
3/21/2011,13254.45
3/22/2011,13198.32
3/23/2011,12631.41
3/24/2011,12296.86
3/25/2011,12209.48
3/28/2011,12532.89
3/29/2011,12131.87
3/30/2011,11945.17
3/31/2011,11988.45
4/1/2011,11838.77
4/4/2011,11645.44
4/5/2011,11572.85
4/6/2011,11525.41
4/7/2011,11611.71
4/8/2011,11778.91
4/11/2011,11653.49
4/12/2011,11806.48
4/13/2011,11597.12
4/14/2011,11462.76
4/15/2011,11129.5
4/18/2011,11444.79
4/19/2011,10813.42
4/20/2011,10275.59
4/21/2011,10132.01
4/25/2011,9883.41
4/26/2011,9778.16
4/27/2011,9595
4/28/2011,9443.18
4/29/2011,9415.86
5/2/2011,9695.08
5/3/2011,9961.59
5/4/2011,10083.59
5/5/2011,10243.16
5/6/2011,10132.08
5/9/2011,9759.51
5/10/2011,9389.78
5/11/2011,9641.17
5/12/2011,9455.85
5/13/2011,9645.77
5/16/2011,9867.91
5/17/2011,9688.82
5/18/2011,9352.05
5/19/2011,9152.62
5/20/2011,9357.67
5/23/2011,9596.46
5/24/2011,9480.34
5/25/2011,9317.02
5/26/2011,9058.19
5/27/2011,8892.72
5/31/2011,8630.3
6/1/2011,9227.39
6/2/2011,9140.83
6/3/2011,9200.02
6/6/2011,9306.41
6/7/2011,9191.57
6/8/2011,9313.66
6/9/2011,9028.37
6/10/2011,9358.18
6/13/2011,9562.53
6/14/2011,9165.73
6/15/2011,10001.16
6/16/2011,10479.27
6/17/2011,10248.84
6/20/2011,9781.53
6/21/2011,9555.63
6/22/2011,9716.87
6/23/2011,9521.35
6/24/2011,10026.95
6/27/2011,9798.55
6/28/2011,9332.24
6/29/2011,8890.2
6/30/2011,8556.83
7/1/2011,8192.97
7/5/2011,8231.05
7/6/2011,8357.56
7/7/2011,8124.61
7/8/2011,8302.75
7/11/2011,8982.51
7/12/2011,9208.1
7/13/2011,9255.3
7/14/2011,9544.17
7/15/2011,9333.31
7/18/2011,9710.75
7/19/2011,9120.38
7/20/2011,8935.67
7/21/2011,8477
7/22/2011,8428.94
7/25/2011,8882.36
7/26/2011,9027.83
7/27/2011,9707.91
7/28/2011,9716.99
7/29/2011,9548.43
8/1/2011,9349.37
8/2/2011,10032.89
8/3/2011,9931.01
8/4/2011,12051.59
8/5/2011,12442.44
8/8/2011,14813.85
8/9/2011,12426.03
8/10/2011,14236.96
8/11/2011,13741.98
8/12/2011,13812.44
8/15/2011,13171.8
8/16/2011,13302.45
8/17/2011,13821.71
8/18/2011,16479.15
8/19/2011,17426.22
8/22/2011,17972.69
8/23/2011,16998.38
8/24/2011,16668.04
8/25/2011,17160.14
8/26/2011,16780.22
8/29/2011,15763.26
8/30/2011,16196.62
8/31/2011,15868.65
9/1/2011,16124.72
9/2/2011,17073.99
9/6/2011,17591.93
9/7/2011,16681.58
9/8/2011,17128.33
9/9/2011,18643.74
9/12/2011,18790.6
9/13/2011,18770.96
9/14/2011,18104.09
9/15/2011,17199.99
9/16/2011,16801.37
9/19/2011,17478.01
9/20/2011,17397.77
9/21/2011,18876.19
9/22/2011,20337.58
9/23/2011,20608.61
9/26/2011,19786.84
9/27/2011,19422.61
9/28/2011,20746.13
9/29/2011,20303.47
9/30/2011,22019.61
10/3/2011,23578.85
10/4/2011,21693.65
10/5/2011,20552.62
10/6/2011,20282.4
10/7/2011,20321.12
10/10/2011,18861.52
10/11/2011,18769.9
10/12/2011,17602.01
10/13/2011,17473.94
10/14/2011,16400.47
10/17/2011,18456.83
10/18/2011,17363.83
10/19/2011,18960.2
10/20/2011,19093.7
10/21/2011,17736.93
10/24/2011,16750.02
10/25/2011,18109.51
10/26/2011,17150.41
10/27/2011,14854.96
10/28/2011,14823.62
10/31/2011,16695.86
11/1/2011,18741.16
11/2/2011,18137.54
11/3/2011,17318.23
11/4/2011,17630.69
11/7/2011,17532.09
11/8/2011,16578.59
11/9/2011,19903.05
11/10/2011,18640.48
11/11/2011,17812.31
11/14/2011,18144.24
11/15/2011,18114.81
11/16/2011,19265.42
11/17/2011,19912.48
11/18/2011,19112.85
11/21/2011,19465.45
11/22/2011,19098.83
11/23/2011,19847.71
11/25/2011,20322.55
11/28/2011,18965.64
11/29/2011,18616.23
11/30/2011,17025.86
12/1/2011,16693.03
12/2/2011,16595.68
12/5/2011,16538.19
12/6/2011,16694.76
12/7/2011,17030.9
12/8/2011,17897.42
12/9/2011,16370.4
12/12/2011,16657.53
12/13/2011,16502.12
12/14/2011,16591.25
12/15/2011,15960.67
12/16/2011,15918.8
12/19/2011,15640.71
12/20/2011,14644.78
12/21/2011,13514.01
12/22/2011,13829.35
12/23/2011,14145.63
12/27/2011,14013.53
12/28/2011,14652.05
12/29/2011,14274.43
12/30/2011,14654.77
1/3/2012,13742.6
1/4/2012,13441.9
1/5/2012,13212.19
1/6/2012,12897.2
1/9/2012,12771.96
1/10/2012,12503.28
1/11/2012,12783.69
1/12/2012,12537.09
1/13/2012,12723.28
1/17/2012,12645.37
1/18/2012,12249.38
1/19/2012,11910.12
1/20/2012,11553.89
1/23/2012,11278.86
1/24/2012,11211.42
1/25/2012,10882.26
1/26/2012,10871.99
1/27/2012,10676.31
1/30/2012,10915.63
1/31/2012,11017.03
2/1/2012,10575.36
2/2/2012,10223.86
2/3/2012,9744.4
2/6/2012,9657.61
2/7/2012,9771.14
2/8/2012,10090.32
2/9/2012,10540.1
2/10/2012,11329.75
2/13/2012,10488.7
2/14/2012,10753.75
2/15/2012,11615.99
2/16/2012,10933.02
2/17/2012,10851.68
2/21/2012,10851.8
2/22/2012,10509.51
2/23/2012,9815.68
2/24/2012,10259.22
2/27/2012,10408.2
2/28/2012,10115.91
2/29/2012,10150.35
3/1/2012,9764.52
3/2/2012,9933.61
3/5/2012,9866.13
3/6/2012,10748.15
3/7/2012,10054.15
3/8/2012,9702.8
3/9/2012,9460.98
3/12/2012,8986.27
3/13/2012,8661.49
3/14/2012,9107.11
3/15/2012,8929.68
3/16/2012,8826.85
3/19/2012,8193.82
3/20/2012,7838.9
3/21/2012,7428.51
3/22/2012,7533.43
3/23/2012,6987.24
3/26/2012,6396.97
3/27/2012,7125.81
3/28/2012,7155.85
3/29/2012,6990.17
3/30/2012,6837.94
4/2/2012,6858.29
4/3/2012,6990.56
4/4/2012,7237.48
4/5/2012,7438.14
4/9/2012,7836.38
4/10/2012,8341.43
4/11/2012,8200.63
4/12/2012,7313.01
4/13/2012,7946.52
4/16/2012,7827.03
4/17/2012,7307.05
4/18/2012,7526.83
4/19/2012,7474.9
4/20/2012,7226.41
4/23/2012,7537.63
4/24/2012,7239.59
4/25/2012,6828.73
4/26/2012,6638.71
4/27/2012,6631.66
4/30/2012,6765.11
5/1/2012,6607.99
5/2/2012,6599.32
5/3/2012,6830.03
5/4/2012,7181.01
5/7/2012,6969.33
5/8/2012,7025.72
5/9/2012,7323.62
5/10/2012,6974.08
5/11/2012,7227.7
5/14/2012,7714.66
5/15/2012,8000.44
5/16/2012,8167.83
5/17/2012,8761.66
5/18/2012,9414.15
5/21/2012,8164.15
5/22/2012,8394.5
5/23/2012,8344.7
5/24/2012,8179.06
5/25/2012,8258.91
5/29/2012,7775.76
5/30/2012,8588.66
5/31/2012,8707.51
6/1/2012,9287.49
6/4/2012,9042.71
6/5/2012,8647.12
6/6/2012,7998.84
6/7/2012,7915.92
6/8/2012,7459.14
6/11/2012,8306.35
6/12/2012,8014.15
6/13/2012,8417.07
6/14/2012,7873.45
6/15/2012,7413.7
6/18/2012,6812.29
6/19/2012,6835.22
6/20/2012,6382.67
6/21/2012,7268.72
6/22/2012,6825.89
6/25/2012,6998.5
6/26/2012,6793.6
6/27/2012,6778.36
6/28/2012,6672.07
6/29/2012,6178.01
7/2/2012,5770.04
7/3/2012,5635.76
7/5/2012,5899.4
7/6/2012,5779.97
7/9/2012,5777.71
7/10/2012,5995.4
7/11/2012,5762.8
7/12/2012,5809.08
7/13/2012,5459.88
7/16/2012,5442.67
7/17/2012,5231.51
7/18/2012,5259.73
7/19/2012,5133.36
7/20/2012,5395.69
7/23/2012,5845.42
7/24/2012,6130.48
7/25/2012,5922.64
7/26/2012,5410.12
7/27/2012,5281.77
7/30/2012,5502.34
7/31/2012,5611.69
8/1/2012,5546.33
8/2/2012,5316.63
8/3/2012,4936.97
8/6/2012,4835.82
8/7/2012,5035.11
8/8/2012,4816.44
8/9/2012,4750.09
8/10/2012,4715.23
8/13/2012,4617.99
8/14/2012,4804.68
8/15/2012,4794.3
8/16/2012,4727.64
8/17/2012,4578.7
8/20/2012,4581.29
8/21/2012,4705.29
8/22/2012,4768.04
8/23/2012,4843.52
8/24/2012,4666.78
8/27/2012,4722.5
8/28/2012,4768.82
8/29/2012,4829.52
8/30/2012,4926.64
8/31/2012,4742.41
9/4/2012,4655.91
9/5/2012,4548.65
9/6/2012,4096.71
9/7/2012,3862.87
9/10/2012,4129.14
9/11/2012,4104.87
9/12/2012,3929.77
9/13/2012,3679.37
9/14/2012,3881.93
9/17/2012,3763.05
9/18/2012,3627.1
9/19/2012,3582.47
9/20/2012,3660.2
9/21/2012,3587.3
9/24/2012,3549.43
9/25/2012,3800.78
9/26/2012,3928.76
9/27/2012,3603.09
9/28/2012,3667.92
10/1/2012,3760.4
10/2/2012,3685.45
10/3/2012,3648.12
10/4/2012,3546.09
10/5/2012,3522.82
10/8/2012,3554.44
10/9/2012,3700.19
10/10/2012,3718.48
10/11/2012,3595.72
10/12/2012,3689.01
10/15/2012,3511.45
10/16/2012,3431.27
10/17/2012,3369.83
10/18/2012,3419.69
10/19/2012,3602.39
10/22/2012,3547.88
10/23/2012,3907.52
10/24/2012,3822.23
10/25/2012,3743.09
10/26/2012,3735.81
10/31/2012,3871.07
11/1/2012,3497.53
11/2/2012,3659.34
11/5/2012,3719.64
11/6/2012,3537.16
11/7/2012,3849.27
11/8/2012,3798.54
11/9/2012,3845.62
11/12/2012,3582.91
11/13/2012,3553.15
11/14/2012,3715.47
11/15/2012,3746.68
11/16/2012,3551.26
11/19/2012,3238.66
11/20/2012,3200.31
11/21/2012,3210.07
11/23/2012,3141.18
11/26/2012,3045.8
11/27/2012,3145.17
11/28/2012,3027.28
11/29/2012,2977.41
11/30/2012,3025.02
12/3/2012,3163.64
12/4/2012,3190.18
12/5/2012,3102.63
12/6/2012,3158.18
12/7/2012,3084.42
12/10/2012,3061.23
12/11/2012,2966.32
12/12/2012,3080.17
12/13/2012,3128.06
12/14/2012,3112.3
12/17/2012,2986.35
12/18/2012,2920.08
12/19/2012,3091.85
12/20/2012,3162.49
12/21/2012,3290.48
12/24/2012,3362.41
12/26/2012,3505.14
12/27/2012,3445.77
12/28/2012,3987.17
12/31/2012,3235.67
1/2/2013,2887.23
1/3/2013,2931.86
1/4/2013,2859.73
1/7/2013,2794.85
1/8/2013,2788.99
1/9/2013,2785.11
1/10/2013,2725.24
1/11/2013,2709.41
1/14/2013,2700.85
1/15/2013,2677.66
1/16/2013,2626.82
1/17/2013,2657.88
1/18/2013,2487.85
1/22/2013,2379.85
1/23/2013,2321.75
1/24/2013,2354.36
1/25/2013,2373.84
1/28/2013,2437.68
1/29/2013,2358.12
1/30/2013,2518.02
1/31/2013,2494.5
2/1/2013,2420.72
2/4/2013,2531.19
2/5/2013,2452.34
2/6/2013,2412.23
2/7/2013,2410.55
2/8/2013,2362.83
2/11/2013,2343.67
2/12/2013,2317.14
2/13/2013,2309.32
2/14/2013,2278.76
2/15/2013,2270.34
2/19/2013,2175.4
2/20/2013,2395.65
2/21/2013,2412.69
2/22/2013,2320.28
2/25/2013,2705.78
2/26/2013,2636.61
2/27/2013,2406.18
2/28/2013,2511.61
3/1/2013,2549.9
3/4/2013,2358.78
3/5/2013,2302.53
3/6/2013,2312.05
3/7/2013,2255.13
3/8/2013,2219.82
3/11/2013,2115.23
3/12/2013,2164.03
3/13/2013,2142.86
3/14/2013,2120.56
3/15/2013,2133.5
3/18/2013,2241.88
3/19/2013,2248.58
3/20/2013,2117.18
3/21/2013,2180.63
3/22/2013,2158.94
3/25/2013,2124.09
3/26/2013,2078.43
3/27/2013,2103.22
3/28/2013,2079.3
4/1/2013,2104.98
4/2/2013,2026.53
4/3/2013,2122.24
4/4/2013,2081.17
4/5/2013,2083
4/8/2013,2012.48
4/9/2013,2005.61
4/10/2013,1932.21
4/11/2013,1933.65
4/12/2013,1885.21
4/15/2013,2242.35
4/16/2013,1980.49
4/17/2013,2208.75
4/18/2013,2309.39
4/19/2013,2147.69
4/22/2013,2059.93
4/23/2013,1960.86
4/24/2013,1971.52
4/25/2013,1989.87
4/26/2013,1993.59
4/29/2013,1986.97
4/30/2013,1954.47
5/1/2013,2038.82
5/2/2013,1968.59
5/3/2013,1932.39
5/6/2013,1890.01
5/7/2013,1883.49
5/8/2013,1906.9
5/9/2013,1936.99
5/10/2013,1900.53
5/13/2013,1893.33
5/14/2013,1885.37
5/15/2013,1899.43
5/16/2013,1925.92
5/17/2013,1886.6
5/20/2013,1887.61
5/21/2013,1925.05
5/22/2013,1912.55
5/23/2013,1937.13
5/24/2013,1936.48
5/28/2013,1902.32
5/29/2013,1923.07
5/30/2013,1927.91
5/31/2013,2005.48
6/3/2013,1994.91
6/4/2013,2007.06
6/5/2013,2102.03
6/6/2013,2044.78
6/7/2013,1982.26
6/10/2013,1958.24
6/11/2013,2081.14
6/12/2013,2207.24
6/13/2013,2090.68
6/14/2013,2164.94
6/17/2013,2104.29
6/18/2013,2086.52
6/19/2013,2074.7
6/20/2013,2316.16
6/21/2013,2246.91
6/24/2013,2377.82
6/25/2013,2304.03
6/26/2013,2241.17
6/27/2013,2168.56
6/28/2013,2151
7/1/2013,2101.81
7/2/2013,2098.74
7/3/2013,2073.34
7/5/2013,1949.5
7/8/2013,1873
7/9/2013,1856.08
7/10/2013,1823.3
7/11/2013,1787.99
7/12/2013,1804.96
7/15/2013,1752.55
7/16/2013,1801.43
7/17/2013,1734.72
7/18/2013,1718.54
7/19/2013,1659.14
7/22/2013,1635.84
7/23/2013,1630.37
7/24/2013,1644.55
7/25/2013,1611.96
7/26/2013,1606.54
7/29/2013,1624.67
7/30/2013,1590.92
7/31/2013,1552.38
8/1/2013,1518.05
8/2/2013,1472.82
8/5/2013,1456.75
8/6/2013,1496.56
8/7/2013,1515.44
8/8/2013,1490.79
8/9/2013,1525.52
8/12/2013,1504.82
8/13/2013,1490.81
8/14/2013,1516.45
8/15/2013,1582.57
8/16/2013,1571.59
8/19/2013,1609.09
8/20/2013,1579.77
8/21/2013,1625.2
8/22/2013,1560.3
8/23/2013,1536.27
8/26/2013,1598.11
8/27/2013,1729.56
8/28/2013,1741.87
8/29/2013,1741.87
8/30/2013,1758.57
9/3/2013,1700.51
9/4/2013,1688.05
9/5/2013,1666.29
9/6/2013,1676.1
9/9/2013,1607.62
9/10/2013,1557.58
9/11/2013,1499.29
9/12/2013,1508.2
9/13/2013,1508.2
9/16/2013,1485.7
9/17/2013,1476.37
9/18/2013,1404.7
9/19/2013,1409.22
9/20/2013,1432.92
9/23/2013,1464.56
9/24/2013,1439.15
9/25/2013,1437.98
9/26/2013,1414.63
9/27/2013,1470
9/30/2013,1529.39
10/1/2013,1464.11
10/2/2013,1535.69
10/3/2013,1600.94
10/4/2013,1559.47
10/7/2013,1695.1
10/8/2013,1768.36
10/9/2013,1728.02
10/10/2013,1546.27
10/11/2013,1501.35
10/14/2013,1523.88
10/15/2013,1591.08
10/16/2013,1430.14
10/17/2013,1338.59
10/18/2013,1319.2
10/21/2013,1342.03
10/22/2013,1342.76
10/23/2013,1350.02
10/24/2013,1330.64
10/25/2013,1335.16
10/28/2013,1338.23
10/29/2013,1332.48
10/30/2013,1339.65
10/31/2013,1335.18
11/1/2013,1337.14
11/4/2013,1292.72
11/5/2013,1299.63
11/6/2013,1275.79
11/7/2013,1318.56
11/8/2013,1267.51
11/11/2013,1253.87
11/12/2013,1258.23
11/13/2013,1246.09
11/14/2013,1239.7
11/15/2013,1219.75
11/18/2013,1218.22
11/19/2013,1235.65
11/20/2013,1205.82
11/21/2013,1167.52
11/22/2013,1157.35
11/25/2013,1158.89
11/26/2013,1164.58
11/27/2013,1172.86
11/29/2013,1179.79
12/2/2013,1199.43
12/3/2013,1226.31
12/4/2013,1205.31
12/5/2013,1221.11
12/6/2013,1177.27
12/9/2013,1161.17
12/10/2013,1171.73
12/11/2013,1224.14
12/12/2013,1235.7
12/13/2013,1236.96
12/16/2013,1258.18
12/17/2013,1244.52
12/18/2013,1160.49
12/19/2013,1156.87
12/20/2013,1155.78
12/23/2013,1113.29
12/24/2013,1075.25
12/26/2013,1073.47
12/27/2013,1093.77
12/30/2013,1109.4
12/31/2013,1109.05
1/2/2014,1130.06
1/3/2014,1118.44
1/6/2014,1106.86
1/7/2014,1085.49
1/8/2014,1087.07
1/9/2014,1090.55
1/10/2014,1067.79
1/13/2014,1093.08
1/14/2014,1054.55
1/15/2014,1058.34
1/16/2014,1071.22
1/17/2014,1067.8
1/21/2014,1056.36
1/22/2014,1037.63
1/23/2014,1062.97
1/24/2014,1205.99
1/27/2014,1200.31
1/28/2014,1136.48
1/29/2014,1219.79
1/30/2014,1236.02
1/31/2014,1301.15
2/3/2014,1409.19
2/4/2014,1378.81
2/5/2014,1412.17
2/6/2014,1268.97
2/7/2014,1175.86
2/10/2014,1176.84
2/11/2014,1134.89
2/12/2014,1109.43
2/13/2014,1106.89
2/14/2014,1087.17
2/18/2014,1069.83
2/19/2014,1140.16
2/20/2014,1107.09
2/21/2014,1120.69
2/24/2014,1110.8
2/25/2014,1103.43
2/26/2014,1131.88
2/27/2014,1119.51
2/28/2014,1130.52
3/3/2014,1217.04
3/4/2014,1122.83
3/5/2014,1124.56
3/6/2014,1119.38
3/7/2014,1145.26
3/10/2014,1143.16
3/11/2014,1158.64
3/12/2014,1146.24
3/13/2014,1200.68
3/14/2014,1241.42
3/17/2014,1170.29
3/18/2014,1130.44
3/19/2014,1158.85
3/20/2014,1140.46
3/21/2014,1158.49
3/24/2014,1155.58
3/25/2014,1138.46
3/26/2014,1164.61
3/27/2014,1144.31
3/28/2014,1133.58
3/31/2014,1102.99
4/1/2014,1065.17
4/2/2014,1072.27
4/3/2014,1061.65
4/4/2014,1087.7
4/7/2014,1114.7
4/8/2014,1095.11
4/9/2014,1068.22
4/10/2014,1131.52
4/11/2014,1165.46
4/14/2014,1161.13
4/15/2014,1145.84
4/16/2014,1107.53
4/17/2014,1086.8
4/21/2014,1073.78
4/22/2014,1062.94
4/23/2014,1071.02
4/24/2014,1080.1
4/25/2014,1087.87
4/28/2014,1062.3
4/29/2014,1048.54
4/30/2014,1049.82
5/1/2014,1045.83
5/2/2014,1048.96
5/5/2014,1030.2
5/6/2014,1042.25
5/7/2014,1018.51
5/8/2014,1019.77
5/9/2014,999.54
5/12/2014,969.7
5/13/2014,972.21
5/14/2014,963.46
5/15/2014,976.74
5/16/2014,958.53
5/19/2014,939.03
5/20/2014,942.31
5/21/2014,922.68
5/22/2014,919.76
5/23/2014,910.71
5/27/2014,882.12
5/28/2014,883.47
5/29/2014,875.55
5/30/2014,877.56
6/2/2014,872.4
6/3/2014,876.04
6/4/2014,866.81
6/5/2014,834.18
6/6/2014,790.31
6/9/2014,800.7
6/10/2014,789.4
6/11/2014,807.87
6/12/2014,848.02
6/13/2014,827.78
6/16/2014,828.42
6/17/2014,806.24
6/18/2014,761.28
6/19/2014,767.25
6/20/2014,773.2
6/23/2014,756.37
6/24/2014,782.74
6/25/2014,757.85
6/26/2014,761.86
6/27/2014,756.03
6/30/2014,745.63
7/1/2014,726.73
7/2/2014,718.08
7/3/2014,711.13
7/7/2014,727.54
7/8/2014,733.99
7/9/2014,721.28
7/10/2014,752.61
7/11/2014,742.33
7/14/2014,716.02
7/15/2014,729.8
7/16/2014,712.96
7/17/2014,768.16
7/18/2014,729.71
7/21/2014,751.01
7/22/2014,730.08
7/23/2014,733.97
7/24/2014,742.95
7/25/2014,758.76
7/28/2014,750.49
7/29/2014,755
7/30/2014,760.49
7/31/2014,840.05
8/1/2014,880.02
8/4/2014,829.77
8/5/2014,884.67
8/6/2014,889.04
8/7/2014,910.15
8/8/2014,880.19
8/11/2014,828.39
8/12/2014,820.21
8/13/2014,775.52
8/14/2014,747.46
8/15/2014,749.42
8/18/2014,721.49
8/19/2014,725.92
8/20/2014,725.92
8/21/2014,720.7
8/22/2014,726.05
8/25/2014,718.47
8/26/2014,724.91
8/27/2014,730.2
8/28/2014,732.01
8/29/2014,740.6
9/2/2014,741.29
9/3/2014,730.69
9/4/2014,730.56
9/5/2014,715.39
9/8/2014,719.88
9/9/2014,738.6
9/10/2014,734.68
9/11/2014,733.06
9/12/2014,750
9/15/2014,770.11
9/16/2014,728
9/17/2014,720.42
9/18/2014,710.43
9/19/2014,715.66
9/22/2014,751.83
9/23/2014,776.51
9/24/2014,740.94
9/25/2014,793.65
9/26/2014,773.96
9/29/2014,815.68
9/30/2014,819.07
10/1/2014,844.98
10/2/2014,829.74
10/3/2014,770.9
10/6/2014,794.36
10/7/2014,851.65
10/8/2014,770.26
10/9/2014,846.3
10/10/2014,943.21
10/13/2014,1063.03
10/14/2014,999.17
10/15/2014,1123.69
10/16/2014,1066.19
10/17/2014,1009.66
10/20/2014,923.08
10/21/2014,853.4
10/22/2014,911.3
10/23/2014,871.14
10/24/2014,854.02
10/27/2014,852.51
10/28/2014,792.59
10/29/2014,820.27
10/30/2014,814.99
10/31/2014,799.14
11/3/2014,807.69
11/4/2014,804.93
11/5/2014,782.36
11/6/2014,760.96
11/7/2014,760.46
11/10/2014,728.68
11/11/2014,726.7
11/12/2014,743.42
11/13/2014,760.23
11/14/2014,747.17
11/17/2014,749.38
11/18/2014,746.2
11/19/2014,755.95
11/20/2014,739.31
11/21/2014,730.63
11/24/2014,712.84
11/25/2014,708.53
11/26/2014,697.83
11/28/2014,723.51
12/1/2014,758.21
12/2/2014,699.38
12/3/2014,701.61
12/4/2014,690.03
12/5/2014,680.47
12/8/2014,722.61
12/9/2014,725.52
12/10/2014,809.75
12/11/2014,876.78
12/12/2014,880.39
12/15/2014,863.98
12/16/2014,931.24
12/17/2014,817.73
12/18/2014,796.7
12/19/2014,767.5
12/22/2014,761.73
12/23/2014,740.38
12/24/2014,753.12
12/26/2014,734.77
12/29/2014,745.49
12/30/2014,760.66
12/31/2014,826.2
1/2/2015,821.23
1/5/2015,873.06
1/6/2015,900.39
1/7/2015,855.7
1/8/2015,808.66
1/9/2015,850.4
1/12/2015,885.41
1/13/2015,903.96
1/14/2015,912.88
1/15/2015,954.02
1/16/2015,923.43
1/20/2015,922.5
1/21/2015,865.2
1/22/2015,819.62
1/23/2015,842.03
1/26/2015,791.21
1/27/2015,819
1/28/2015,931.16
1/29/2015,869.32
1/30/2015,948.84
2/2/2015,908.91
2/3/2015,870.39
2/4/2015,908.04
2/5/2015,866.9
2/6/2015,889.08
2/9/2015,907.32
2/10/2015,868.58
2/11/2015,864.44
2/12/2015,820.67
2/13/2015,815.84
2/17/2015,819.4
2/18/2015,802.57
2/19/2015,791.76
2/20/2015,760.58
2/23/2015,765.21
2/24/2015,727.43
2/25/2015,741.27
2/26/2015,726.26
2/27/2015,719.02
3/2/2015,698.91
3/3/2015,716.52
3/4/2015,715.44
3/5/2015,701.76
3/6/2015,735.19
3/9/2015,723.67
3/10/2015,761.45
3/11/2015,769.37
3/12/2015,720.93
3/13/2015,740.43
3/16/2015,724.14
3/17/2015,719.15
3/18/2015,683.97
3/19/2015,684.41
3/20/2015,671.32
3/23/2015,667.87
3/24/2015,661.02
3/25/2015,687.23
3/26/2015,681.29
3/27/2015,673.48
3/30/2015,657.18
3/31/2015,676.11
4/1/2015,668.31
4/2/2015,657.12
4/6/2015,643.43
4/7/2015,642.1
4/8/2015,627.54
4/9/2015,604.78
4/10/2015,576.76
4/13/2015,602.4
4/14/2015,584.84
4/15/2015,573.61
4/16/2015,566.3
4/17/2015,586.3
4/20/2015,568.66
4/21/2015,566.81
4/22/2015,559.46
4/23/2015,552.56
4/24/2015,549.94
4/27/2015,565.79
4/28/2015,544.19
4/29/2015,564.41
4/30/2015,575.85
5/1/2015,545.07
5/4/2015,545.07
5/5/2015,567.78
5/6/2015,577.36
5/7/2015,569.64
5/8/2015,545.18
5/11/2015,561.35
5/12/2015,552.18
5/13/2015,544.5
5/14/2015,532.41
5/15/2015,529.16
5/18/2015,510.64
5/19/2015,507.15
5/20/2015,507.15
5/21/2015,488.65
5/22/2015,492.39
5/26/2015,507.89
5/27/2015,495.18
5/28/2015,494.39
5/29/2015,498.85
6/1/2015,497.2
6/2/2015,506.4
6/3/2015,492.31
6/4/2015,508.48
6/5/2015,503.17
6/8/2015,515.29
6/9/2015,506.23
6/10/2015,483.36
6/11/2015,473.42
6/12/2015,483.51
6/15/2015,506.21
6/16/2015,494.05
6/17/2015,493.26
6/18/2015,473.04
6/19/2015,487.05
6/22/2015,459.43
6/23/2015,446.15
6/24/2015,460.75
6/25/2015,461.91
6/26/2015,458.36
6/29/2015,537.12
6/30/2015,535.57
7/1/2015,494.92
7/2/2015,523.65
7/6/2015,533.68
7/7/2015,509.27
7/8/2015,563.19
7/9/2015,577.44
7/10/2015,525.53
7/13/2015,469.95
7/14/2015,466.88
7/15/2015,460.79
7/16/2015,433.24
7/17/2015,431.91
7/20/2015,425.37
7/21/2015,425.18
7/22/2015,423.69
7/23/2015,426.67
7/24/2015,444.46
7/27/2015,468.77
7/28/2015,430.7
7/29/2015,423.35
7/30/2015,419.84
7/31/2015,420.79
8/3/2015,416.73
8/4/2015,422
8/5/2015,418.41
8/6/2015,429.43
8/7/2015,423.72
8/10/2015,410.28
8/11/2015,429.83
8/12/2015,424.54
8/13/2015,419.19
8/14/2015,420.81
8/17/2015,417.03
8/18/2015,421.63
8/19/2015,436.92
8/20/2015,480.41
8/21/2015,548.09
8/24/2015,687.54
8/25/2015,692.26
8/26/2015,651.11
8/27/2015,660.49
8/28/2015,668.4
8/31/2015,720.22
9/1/2015,803
9/2/2015,721.67
9/3/2015,717.38
9/4/2015,778.36
9/8/2015,702.58
9/9/2015,725.99
9/10/2015,699.16
9/11/2015,683.71
9/14/2015,682.15
9/15/2015,611.27
9/16/2015,567.88
9/17/2015,610.5
9/18/2015,642.95
9/21/2015,590.04
9/22/2015,649.1
9/23/2015,630.81
9/24/2015,651.52
9/25/2015,665.47
9/28/2015,711.38
9/29/2015,706.98
9/30/2015,684.92
10/1/2015,662.04
10/2/2015,630.09
10/5/2015,596.83
10/6/2015,610.5
10/7/2015,586.48
10/8/2015,562.33
10/9/2015,556.8
10/12/2015,518.2
10/13/2015,564.11
10/14/2015,565.62
10/15/2015,517.67
10/16/2015,513.28
10/19/2015,480.04
10/20/2015,512.11
10/21/2015,548.21
10/22/2015,482.71
10/23/2015,499.42
10/26/2015,509.03
10/27/2015,496.19
10/28/2015,482.4
10/29/2015,487.9
10/30/2015,500.21
11/2/2015,478.61
11/3/2015,486.65
11/4/2015,502.85
11/5/2015,483.9
11/6/2015,473.64
11/9/2015,506.47
11/10/2015,488.22
11/11/2015,502.06
11/12/2015,543.97
11/13/2015,580.03
11/16/2015,521.08
11/17/2015,540.38
11/18/2015,518.5
11/19/2015,530.31
11/20/2015,509.12
11/23/2015,497.3
11/24/2015,509.48
11/25/2015,491.49
11/27/2015,501.64
11/30/2015,495.38
12/1/2015,473.47
12/2/2015,489.31
12/3/2015,524.43
12/4/2015,479.53
12/7/2015,486.25
12/8/2015,512.88
12/9/2015,536.34
12/10/2015,540.65
12/11/2015,626.47
12/14/2015,584.8
12/15/2015,540.28
12/16/2015,518.81
12/17/2015,551.36
12/18/2015,583.83
12/21/2015,539.32
12/22/2015,511.84
12/23/2015,513.59
12/24/2015,522.77
12/28/2015,510.52
12/29/2015,501.64
12/30/2015,524.38
12/31/2015,528.37
1/4/2016,555.93
1/5/2016,546.94
1/6/2016,566.55
1/7/2016,634.65
1/8/2016,675.66
1/11/2016,638.83
1/12/2016,609.82
1/13/2016,671.77
1/14/2016,646.13
1/15/2016,708.17
1/19/2016,698.38
1/20/2016,718.73
1/21/2016,728.62
1/22/2016,661.44
1/25/2016,698.05
1/26/2016,666.78
1/27/2016,690.55
1/28/2016,676.33
1/29/2016,633.2
2/1/2016,630.27
2/2/2016,672.63
2/3/2016,663.15
2/4/2016,672.03
2/5/2016,694.24
2/8/2016,725.23
2/9/2016,741.7
2/10/2016,746.18
2/11/2016,783.99
2/12/2016,762.51
2/16/2016,721.87
2/17/2016,694.61
2/18/2016,690.45
2/19/2016,678.28
2/22/2016,638.49
2/23/2016,671.71
2/24/2016,659.65
2/25/2016,633.28
2/26/2016,650.22
2/29/2016,659.86
3/1/2016,596
3/2/2016,593.01
3/3/2016,567.88
3/4/2016,583.99
3/7/2016,576.5
3/8/2016,603.48
3/9/2016,587.22
3/10/2016,581.77
3/11/2016,555.3
3/14/2016,547.48
3/15/2016,553.65
3/16/2016,530.44
3/17/2016,516.14
3/18/2016,514.94
3/21/2016,494.24
3/22/2016,490.66
3/23/2016,516.12
3/24/2016,507.57
3/28/2016,500.07
3/29/2016,471.31
3/30/2016,463.65
3/31/2016,466.64
4/1/2016,453.31
4/4/2016,466.54
4/5/2016,489.33
4/6/2016,460.02
4/7/2016,501.91
4/8/2016,490.05
4/11/2016,502.89
4/12/2016,479.83
4/13/2016,456.57
4/14/2016,451.43
4/15/2016,446.94
4/18/2016,424.33
4/19/2016,423.71
4/20/2016,428.93
4/21/2016,438.29
4/22/2016,423.16
4/25/2016,424.84
4/26/2016,417.94
4/27/2016,406.83
4/28/2016,430.93
4/29/2016,441.85
5/2/2016,417.42
5/3/2016,437.36
5/4/2016,442.28
5/5/2016,440.63
5/6/2016,419.98
5/9/2016,413.18
5/10/2016,391.28
5/11/2016,412.95
5/12/2016,401.63
5/13/2016,415.87
5/16/2016,400.5
5/17/2016,413.49
5/18/2016,415.22
5/19/2016,412.93
5/20/2016,398.78
5/23/2016,404.01
5/24/2016,380.37
5/25/2016,374.22
5/26/2016,367.47
5/27/2016,359.53
5/31/2016,356.88
6/1/2016,357.4
6/2/2016,348.78
6/3/2016,347.25
6/6/2016,341.91
6/7/2016,343.59
6/8/2016,344.98
6/9/2016,352.14
6/10/2016,380.81
6/13/2016,441.18
6/14/2016,433.47
6/15/2016,427.25
6/16/2016,416.05
6/17/2016,417.09
6/20/2016,384.98
6/21/2016,388.6
6/22/2016,402.37
6/23/2016,349.21
6/24/2016,463.43
6/27/2016,483.38
6/28/2016,393.52
6/29/2016,369.59
6/30/2016,361.9
7/1/2016,359.08
7/5/2016,360.39
7/6/2016,348.94
7/7/2016,345.14
7/8/2016,325.29
7/11/2016,323.71
7/12/2016,314.47
7/13/2016,314.05
7/14/2016,311.92
7/15/2016,314.87
7/18/2016,302.91
7/19/2016,301.3
7/20/2016,297.45
7/21/2016,304.34
7/22/2016,296.17
7/25/2016,295.52
7/26/2016,292.9
7/27/2016,286.39
7/28/2016,279.29
7/29/2016,269.55
8/1/2016,265.93
8/2/2016,275.1
8/3/2016,268.42
8/4/2016,261.34
8/5/2016,251.7
8/8/2016,247
8/9/2016,243.47
8/10/2016,249.46
8/11/2016,247.25
8/12/2016,245.07
8/15/2016,242.66
8/16/2016,251
8/17/2016,242.81
8/18/2016,238.84
8/19/2016,240.47
8/22/2016,241.38
8/23/2016,240.98
8/24/2016,247.49
8/25/2016,244.91
8/26/2016,247.05
8/29/2016,241.31
8/30/2016,239.56
8/31/2016,239.69
9/1/2016,239.34
9/2/2016,232.06
9/6/2016,224.12
9/7/2016,222.29
9/8/2016,224.54
9/9/2016,259.3
9/12/2016,244.34
9/13/2016,268.92
9/14/2016,277.2
9/15/2016,266.02
9/16/2016,255.08
9/19/2016,249.28
9/20/2016,253.61
9/21/2016,233.96
9/22/2016,223.2
9/23/2016,226.74
9/26/2016,235.93
9/27/2016,225.92
9/28/2016,222.18
9/29/2016,230.4
9/30/2016,228.66
10/3/2016,225.14
10/4/2016,223.04
10/5/2016,222
10/6/2016,219.91
10/7/2016,223.51
10/10/2016,216.81
10/11/2016,227.76
10/12/2016,232.03
10/13/2016,237.21
10/14/2016,234.08
10/17/2016,231.51
10/18/2016,224.51
10/19/2016,217.08
10/20/2016,213.14
10/21/2016,210.52
10/24/2016,202.23
10/25/2016,205.83
10/26/2016,210.65
10/27/2016,216.43
10/28/2016,222.2
10/31/2016,228.68
11/1/2016,235.72
11/2/2016,242.65
11/3/2016,255.91
11/4/2016,253.13
11/7/2016,217.15
11/8/2016,216.95
11/9/2016,204.9
11/10/2016,211.89
11/11/2016,209.43
11/14/2016,207.08
11/15/2016,197.59
11/16/2016,201.47
11/17/2016,194.47
11/18/2016,193.89
11/21/2016,187.67
11/22/2016,187.14
11/23/2016,187.41
11/25/2016,185.84
11/28/2016,187.1
11/29/2016,185.65
11/30/2016,187.82
12/1/2016,193.47
12/2/2016,194.36
12/5/2016,178.2
12/6/2016,174.01
12/7/2016,175.72
12/8/2016,176.54
12/9/2016,172.57
12/12/2016,176.9
12/13/2016,175.58
12/14/2016,174.56
12/15/2016,171.36
12/16/2016,169.92
12/19/2016,164.08
12/20/2016,161.09
12/21/2016,158.83
12/22/2016,161.67
12/23/2016,161.74
12/27/2016,158.57
12/28/2016,165.15
12/29/2016,167.18
12/30/2016,170.06
1/3/2017,157.02
1/4/2017,150.58
1/5/2017,148.99
1/6/2017,147.4
1/9/2017,146.57
1/10/2017,146.06
1/11/2017,143.22
1/12/2017,143.98
1/13/2017,142.72
1/17/2017,142.26
1/18/2017,142.26
1/19/2017,142.71
1/20/2017,138.79
1/23/2017,136.32
1/24/2017,130.81
1/25/2017,128.12
1/26/2017,127.64
1/27/2017,126.69
1/30/2017,129.49
1/31/2017,129.76
2/1/2017,126.9
2/2/2017,129.01
2/3/2017,125.9
2/6/2017,126.21
2/7/2017,126.49
2/8/2017,126.49
2/9/2017,123.26
2/10/2017,120.51
2/13/2017,117.78
2/14/2017,110.99
2/15/2017,116.18
2/16/2017,117.1
2/17/2017,118.47
2/21/2017,119.06
2/22/2017,119.58
2/23/2017,122.79
2/24/2017,121.52
2/27/2017,120.9
2/28/2017,122.93
3/1/2017,120.77
3/2/2017,120.59
3/3/2017,116.74
3/6/2017,115.47
3/7/2017,115.5
3/8/2017,115.44
3/9/2017,115.75
3/10/2017,113.81
3/13/2017,110.94
3/14/2017,113.21
3/15/2017,110.34
3/16/2017,106.79
3/17/2017,106.64
3/20/2017,105.8
3/21/2017,110.63
3/22/2017,111.84
3/23/2017,114.58
3/24/2017,111.76
3/27/2017,109.01
3/28/2017,104.04
3/29/2017,103.99
3/30/2017,103.07
3/31/2017,105.91
4/3/2017,106.83
4/4/2017,105.05
4/5/2017,109.56
4/6/2017,106.96
4/7/2017,110.02
4/10/2017,114.95
4/11/2017,118.11
4/12/2017,121.13
4/13/2017,123.21
4/17/2017,115.7
4/18/2017,115.55
4/19/2017,117.57
4/20/2017,115.58
4/21/2017,115.5
4/24/2017,103.1
4/25/2017,101.49
4/26/2017,100.99
4/27/2017,100.87
4/28/2017,100.36
5/1/2017,96.63
5/2/2017,97.34
5/3/2017,98.92
5/4/2017,96.39
5/5/2017,96.55
5/8/2017,94.58
5/9/2017,94.58
5/10/2017,94.78
5/11/2017,95.55
5/12/2017,94.02
5/15/2017,92
5/16/2017,91.38
5/17/2017,107.65
5/18/2017,108
5/19/2017,96.58
5/22/2017,93.01
5/23/2017,93.82
5/24/2017,91.21
5/25/2017,91.58
5/26/2017,90.84
5/30/2017,89.86
5/31/2017,89.73
6/1/2017,88.1
6/2/2017,88.44
6/5/2017,89.36
6/6/2017,90.83
6/7/2017,90.1
6/8/2017,88.51
6/9/2017,89
6/12/2017,89.83
6/13/2017,86.87
6/14/2017,86.94
6/15/2017,87.9
6/16/2017,87.1
6/19/2017,85.54
6/20/2017,85.27
6/21/2017,85.98
6/22/2017,84.61
6/23/2017,83.91
6/26/2017,82.17
6/27/2017,84.81
6/28/2017,82.66
6/29/2017,84.65
6/30/2017,86.09
7/3/2017,87.97
7/5/2017,86.9
7/6/2017,90.99
7/7/2017,88.3
7/10/2017,86.35
7/11/2017,85.43
7/12/2017,83.1
7/13/2017,82.19
7/14/2017,79.67
7/17/2017,78.86
7/18/2017,77.87
7/19/2017,76.22
7/20/2017,75.91
7/21/2017,75.29
7/24/2017,74.87
7/25/2017,74.16
7/26/2017,74.73
7/27/2017,75.4
7/28/2017,75.2
7/31/2017,74.44
8/1/2017,74.13
8/2/2017,74.92
8/3/2017,75.4
8/4/2017,75.47
8/7/2017,74.35
8/8/2017,76.59
8/9/2017,77.58
8/10/2017,92.36
8/11/2017,92.79
8/14/2017,79.52
8/15/2017,79.49
8/16/2017,78.89
8/17/2017,89.88
8/18/2017,90.2
8/21/2017,85.36
8/22/2017,78.65
8/23/2017,82.43
8/24/2017,81.38
8/25/2017,79.73
8/28/2017,79.34
8/29/2017,80.12
8/30/2017,80.25
8/31/2017,77.54
9/1/2017,77.69
9/5/2017,79.97
9/6/2017,80.49
9/7/2017,79.36
9/8/2017,81.2
9/11/2017,76.52
9/12/2017,74.93
9/13/2017,72.47
9/14/2017,72.9
9/15/2017,72.16
9/18/2017,69.37
9/19/2017,69.4
9/20/2017,68.57
9/21/2017,68.86
9/22/2017,69.44
9/25/2017,69.17
9/26/2017,68.63
9/27/2017,68.22
9/28/2017,67.02
9/29/2017,65.95
10/2/2017,64.23
10/3/2017,64.47
10/4/2017,64.34
10/5/2017,62.27
10/6/2017,62.43
10/9/2017,63.33
10/10/2017,61.92
10/11/2017,61.15
10/12/2017,60.54
10/13/2017,59.44
10/16/2017,58.53
10/17/2017,58.8
10/18/2017,58.05
10/19/2017,57.55
10/20/2017,56.83
10/23/2017,59.03
10/24/2017,59.63
10/25/2017,60.06
10/26/2017,60.38
10/27/2017,57.53
10/30/2017,58.18
10/31/2017,57.04
11/1/2017,57.53
11/2/2017,56.99
11/3/2017,56.84
11/6/2017,55.96
11/7/2017,56.51
11/8/2017,56.51
11/9/2017,56.94
11/10/2017,58.27
11/13/2017,59.13
11/14/2017,58.79
11/15/2017,61.11
11/16/2017,58.83
11/17/2017,58.58
11/20/2017,56.13
11/21/2017,54.07
11/22/2017,53.44
11/24/2017,53.22
11/27/2017,52.97
11/28/2017,52.6
11/29/2017,53.49
11/30/2017,54.2
12/1/2017,55.18
12/4/2017,55.19
12/5/2017,54.97
12/6/2017,54.45
12/7/2017,52.47
12/8/2017,51.04
12/11/2017,49.29
12/12/2017,49.35
12/13/2017,49.48
12/14/2017,49.03
12/15/2017,47.32
12/18/2017,46.74
12/19/2017,46.78
12/20/2017,47.19
12/21/2017,46.39
12/22/2017,47.17
12/26/2017,46.84
12/27/2017,46.84
12/28/2017,46.5
12/29/2017,47.43
1/2/2018,45.21
1/3/2018,44.51
1/4/2018,44.33
1/5/2018,43.94
1/8/2018,43.82
1/9/2018,44.32
1/10/2018,43.64
1/11/2018,43.57
1/12/2018,43.96
1/16/2018,45.66
1/17/2018,45.85
1/18/2018,45.71
1/19/2018,45.11
1/22/2018,44.77
1/23/2018,45.4
1/24/2018,46.29
1/25/2018,46.93
1/26/2018,46.75
1/29/2018,50.54
1/30/2018,51.87
1/31/2018,50.21
2/1/2018,49.37
2/2/2018,56.28
2/5/2018,110.37
2/6/2018,81.73
2/7/2018,78.06
2/8/2018,87
2/9/2018,82.46
2/12/2018,79.83
2/13/2018,79.72
2/14/2018,71.88
2/15/2018,70.46
2/16/2018,71.4
,,
,,
,,
"Source: S&P Dow Jones Indices LLC, a division of S&P Global.

 The launch date of the S&P 500 VIX Short-Term Index MCAP was January 22, 2009.

All information presented prior to the index launch date is back-tested. Back-tested performance is not actual performance, but is hypothetical. The back-test calculations are based on the same methodology that was in effect when the index was officially launched. Past performance is not an indication or guarantee of future results.  Please see the Performance Disclosure at http://www.spindices.com/regulatory-affairs-disclaimers/ for more information regarding the inherent limitations associated with back-tested performance.

Copyright © 2018 S&P Dow Jones Indices LLC, a division of S&P Global. All rights reserved. Redistribution or reproduction in whole or in part are prohibited without written permission. STANDARD & POOR’S and S&P are registered trademarks of Standard & Poor’s Financial Services LLC, a division of S&P Global (“S&P”); DOW JONES is a registered trademark of Dow Jones Trademark Holdings LLC (“Dow Jones”); and these trademarks have been licensed for use by S&P Dow Jones Indices LLC. S&P Dow Jones Indices LLC, Dow Jones, S&P and their respective affiliates (“S&P Dow Jones Indices”) and third party licensors makes no representation or warranty, express or implied, as to the ability of any index to accurately represent the asset class or market sector that it purports to represent and S&P Dow Jones Indices and its third party licensors shall have no liability for any errors, omissions, or interruptions of any index or the data included therein. Past performance of an index is not an indication or guarantee of future results. This document does not constitute an offer of any services. Except for certain custom index calculation services, all information provided by S&P Dow Jones Indices is general in nature and not tailored to the needs of any person, entity or group of persons. S&P Dow Jones Indices receives compensation in connection with licensing its indices to third parties and providing custom calculation services. It is not possible to invest directly in an index. Exposure to an asset class represented by an index may be available through investable instruments offered by third parties that are based on that index. S&P Dow Jones Indices does not sponsor, endorse, sell, promote or manage any investment fund or other investment product or vehicle that seeks to provide an investment return based on the performance of any Index. S&P Dow Jones Indices LLC is not an investment or tax advisor. S&P Dow Jones Indices makes no representation regarding the advisability of investing in any such investment fund or other investment product or vehicle. A tax advisor should be consulted to evaluate the impact of any tax-exempt securities on portfolios and the tax consequences of making any particular investment decision. Credit-related information and other analyses, including ratings, are generally provided by licensors and/or affiliates of S&P Dow Jones Indices. Any credit-related information and other related analyses and statements are opinions as of the date they are expressed and are not statements of fact. S&P Dow Jones Indices LLC is analytically separate and independent from any other analytical department. For more information on any of our indices please visit www.spdji.com.",
,,
,,
,,
,,
,,
,,
,,
,,
,,
,,
,,
,,
,,
,,
,,
,,
,,
,,
,,
,,
,,
,,
,,
,,
,,
,,
,,
,,
,,
,,
,,
,,
,,
,,
,,
,,
,,
,,
,,
,,
,,
,,
,,
,,
,,
,,
,,
,,
,,
